,Total Students,School Types,Total School Budget,Per Student Budget,Average Math Score,Average Reading Score,% Passing Math,% Passing Reading,% Overall Passing
Rodriguez High School,3999,District,"$2,547,363.00",$637.00,76.84271067766942,80.74468617154288,39.58489622405602,40.78519629907477,52.988247061765435
Figueroa High School,2949,District,"$1,884,411.00",$639.00,76.71176670057646,81.15801966768396,101.76330959647338,122.88911495422177,53.20447609359105
Huang High School,2917,District,"$1,910,635.00",$655.00,76.62941378128214,81.18272197463148,61.741515255399385,72.7802536852931,53.51388412752828
Hernandez High School,4635,District,"$3,022,020.00",$652.00,77.28975188781014,80.9344120819849,40.56094929881338,49.60086299892125,53.52750809061489
Johnson High School,4761,District,"$3,094,650.00",$650.00,77.07246376811594,80.96639361478681,34.95064062171813,36.63095988237765,53.53917244276413
