School Size,Average Math Score,Average Reading Score,% Passing Math,% Passing Reading,% Overall Passing
Small (<1000),83.82159776422071,83.92984341754834,300.73580606367494,336.7194613096253,89.88385340844357
Medium (1000-2000),83.37468376981991,83.86443831725629,98.16867448196496,110.05287228406448,90.62153518649967
Large (2000-5000),77.746416511437,81.34449272598371,59.42533759073569,69.29349973626961,58.286003049067894
