Spending Ranges (Per Student),Average Math Score,Average Reading Score,% Passing Math,% Passing Reading,% Overall Passing
<$585,83.45539900855027,83.93381405396646,164.07571564837752,190.00981735765697,90.36945874402643
$585-630,81.8998257021498,83.15528577020937,114.68131636095059,124.49095847409978,81.41859632428398
$630-645,78.51885454725715,81.62447331528534,78.85911301245422,90.25902550902772,62.857655551944916
$645-680,76.99720981240274,81.0278425571344,45.75103505864363,53.00402552219734,53.5268548869691
