School Types,Average Math Score,Average Reading Score,% Passing Math,% Passing Reading,% Overall Passing
Charter,83.47385187384614,83.89642074222549,141.36854520906536,157.81945890617308,90.43224369343227
District,76.95673306832398,80.96663632734915,62.39561765579104,73.64223009719218,53.67220822778149
